{
  "project_info": {
    "project_number": "934326488005",
    "project_id": "notetakersapp",
    "storage_bucket": "notetakersapp.appspot.com"
  },
  "client": [
    {
      "client_info": {
        "mobilesdk_app_id": "1:934326488005:android:a744a8e2b070c509b859ac",
        "android_client_info": {
          "package_name": "com.example.notetakersapp"
        }
      },
      "oauth_client": [
        {
          "client_id": "934326488005-hm6lg5tl1214s71vi0i5krcfg7sjuggg.apps.googleusercontent.com",
          "client_type": 3
        }
      ],
      "api_key": [
        {
          "current_key": "AIzaSyCFyMIqbv0SiQrwV8uf5V6JtEknJuO0FbQ"
        }
      ],
      "services": {
        "appinvite_service": {
          "other_platform_oauth_client": [
            {
              "client_id": "934326488005-hm6lg5tl1214s71vi0i5krcfg7sjuggg.apps.googleusercontent.com",
              "client_type": 3
            }
          ]
        }
      }
    }
  ],
  "configuration_version": "1"
}